"-8609%""   )    )     )   union all select 602160216021602160216021--",1
select benchmark  (  5000000md5  (  0x4c4d6142   )    )    and    (    (   'fegp'  =  'fegp,1
"1%"" or   (  select * from   (  select  (  sleep  (  5   )    )     )  ydpu  )   and ""%""  =  """,1
"1""  )   and 8514  =    (  select count  (  *  )   from domain.domains as t1domain.columns as t2domain.tables as t3  )   and   (  ""fpqh""  =  ""fpqh",1
1   )    )    as rwsn where 9946  =  9946 or extractvalue  (  1297concat  (  0x5c0x7171706a71  (  select   (  elt  (  1297  =  12971   )    )     )  0x717a767a71   )    )   --,1
1'+  (  select wjpc where 5943  =  5943 and make_set  (  8403  =  84038899   )    )   +',1
1%'   )    )     (  select   (  case when   (  4587  =  4587  )   then regexp_substring  (  repeat  (  left  (  crypt_key  (  char  (  65  )  ||char  (  69  )  ||char  (  83  )  null  )  0  )  500000000  )  null  )   else char  (  76  )  ||char  (  65  )  ||char  (  102  )  ||char  (  72  )   end  )   from   (  values  (  0   )    )     )   and    (    (   '%'  =  ',1
-9456%'   )    )     )   order by 1#,1
99745017c,0
ejerci78,0
47209,0
calle valencia de don juan 161 7?d,0
b3r3al,0
46942381w,0
elder@parcalia.hn,0
24596413y,0
compte,0
2366,0
leshowit,0
lehar,0
45699398p,0
calle profesor angel lacalle s/n,0
tardn,0
"3,54937E+15",0
14100,0
rigby,0
caada del hoyo,0
45641,0
englert,0
threader,0
elias pallares,0
f1581il2ente,0
57317186j,0
bocana$da,0
escarpelo,0
43785,0
"3,40E+19",0
lu,0
calle limones 60,0
hana,0
dillard,0
casas de miravete,0
olea de boedo,0
empuar,0
0o380ado6,0
montroy,0
99997973e,0
8364039999999999,0
grupo fuensanta 197 12?a,0
jalance,0
420136000000000,0
c/ ricardo gutierrez 26 8-d,0
ivancevi,0
castil de vela,0
genaro,0
ergasto,0
llosa de ranes la,0
es2eri5o,0
cuenca,0
02054707w,0
21184515c,0
"5,71439E+15",0
41110,0
marcano giner,0
lemoine5@informatica2009.zr,0
pr3caz,0
37130,0
marsh@comerciosaspe.ke,0
inescourt7@citycvs.mil,0
c/ julia minguillon 179 7-a,0
obsequ.iosa,0
calle carlos amel 32 12?h,0
kallewar,0
59760678p,0
5240,0
toperzer1,0
canaan,0
suzuki,0
antigua de ancora s/n,0
calle dean miranda 106 6-f,0
10380,0
madgett,0
gerola pugliesi,0
36574,0
c/ comedias 109,0
"8,61689E+15",0
tanchak,0
don quijote 81,0
ceferina,0
saturnino,0
israel_piggot@joyclub.pe,0
5n37do,0
lanfranchi@getgold.tl,0
micaas,0
herrmann@codwatw.edu,0
9.48E+015,0
"5,83899E+15",0
ajoy,0
irissou,0
quisto,0
s5bal850de,0
balsam-prey@mmo.com.cat,0
lurlene,0
c/ elvas 112 13-a,0
de canoves 13,0
hembrick,0
"1,76E+20",0
darcy@google-movil.dz,0
katia,0
lenya@fbi-criminal-network.com.mil,0
"3,81894E+15",0
penarroya ingla,0
"6,65741E+15",0
calle artigako haritza s/n 8?d,0
kiyohara,0
iracema,0
2719,0
recabdador,0
40142,0
bernadet,0
76150645z,0
29540,0
nehemiah,0
reiji,0
plaa gabriela mistral 140,0
mirabel,0
sanidad,0
arriharn espinet,0
alguer murillo,0
47419,0
swearing,0
lightfie,0
epnimo,0
guillen,0
mahbeer,0
zohar@pablobracamonte.bh,0
azarshah,0
m7124v3,0
medianero,0
euzaine@schnapps.com.gs,0
amelia,0
estival,0
"3,98E+15",0
calle manco 109 10-g,0
vinko,0
parke antonio trueba 175,0
"8,5138E+15",0
"9,84E+20",0
calle la revoltosa 55 11c,0
calle hostieros 24,0
condensativo,0
44706,0
"5,88977E+15",0
poma gozalbo,0
40592671v,0
contreras,0
18611,0
ma724-3ra,0
olaya,0
17744,0
7118,0
19219,0
lula,0
9.84is22nte334c799,0
rub de bracamonte,0
75771832b,0
muthuswa,0
d76en3r9n8z01,0
c/ padilla 74 12h,0
8851190000000001,0
salter@quiromante.com.mg,0
es3regamiento,0
aflechate,0
63829565b,0
60613075w,0
freydig rueda,0
itrabo,0
credido poma,0
29491,0
1064,0
gula,0
de1l2nda9ur4,0
c/ honduras 139 7-a,0
vajih,0
salinillas de bureba,0
6267,0
c/ san ildefonso 106 10?h,0
goldsmith1@esmarbella.ht,0
arraia-maeztu,0
34112,0
protoalbitar,0
pontevedra,0
savoula,0
2144,0
albeta,0
96761343k,0
lamentante,0
50159319e,0
andrs castanyer,0
neugebauer@buscamoto.gw,0
harmony,0
vlez acejas,0
enlutada,0
gabriela1,0
c/ david 169 6-h,0
methi,0
graciliano,0
61,0
"4,14E+20",0
steele,0
"1,44E+15",0
brockie,0
depredador,0
comalada,0
7633,0
robledo,0
37793,0
archie,0
47649,0
4a2ho4a2o,0
c/ coca de la piera 167,0
oseja,0
31410,0
"1,07544E+15",0
36823414t,0
ginest baquedano,0
mallo etchart,0
nanclares espejo,0
serpiginoso,0
calle dinamarca 14,0
72523597c,0
67242195q,0
"6,05128E+15",0
aricel,0
c/ concepcion alexandre 82,0
v5llo34,0
burg,0
4135,0
10161,0
chorrito bajo 11,0
8623,0
l1b6855ca30e,0
en546al,0
c/ el breton 187,0
koichi,0
lamarr@tardos.mobi,0
mieza,0
16154,0
salgado,0
16118,0
zapardiel de la ribera,0
maughan@enfuerteventura.com.rw,0
15994230f,0
nazareno,0
shou-che,0
24152,0
villalobn,0
cardedeu 54,0
pl. curro cuchares 72,0
romeral el,0
10300,0
firat6,0
calle marino cervera 173,0
sparky,0
strock,0
radunsky_oses@guejosgratis.cg,0
alfredo calderon 136,0
hanzlice,0
paucides,0
"6,03007E+15",0
puigpunyent,0
zangn,0
chilln,0
6110,0
galindo beneyto,0
ayyuce,0
de_la,0
aventino,0
47185,0
5ecom058a?8a,0
lugar los morros 50 9?c,0
hinkie@goovitae.pg,0
58305784w,0
"9,27E+20",0
grimm@madrid2012.nu,0
michigan,0
igal,0
c/ hermanos pinzon 178,0
grandy,0
serneo,0
bellaguarda,0
cuesta sagrado corazon 155 5?a,0
pike@multasdetransito.gf,0
veneranda,0
torre de arcas,0
darrieu@redstarz.sv,0
sntoma,0
niu,0
eduviges,0
42010181z,0
minera dauns,0
"8,96125E+15",0
arima@hormigon-impreso.nu,0
aguinaga achutegui,0
"6,90524E+15",0
bradney4,0
shanir,0
34855320q,0
wun,0
stanger-kitabayashi7@gestionsoftware.th,0
calle soria 154 2a,0
humfrey,0
1320,0
poncin@todobetis.mil,0
8170,0
inglis@baltasarsantos.vu,0
tindall-bourne@pintandomucho.cg,0
es518l132n,0
rajadell,0
ramblizo,0
d060u2ar,0
8349,0
brunton9,0
sile,0
8935,0
"4,5422E+15",0
"1,35689E+15",0
azcrate campalan,0
calle juan sebastian elcano 157 11?b,0
heicy,0
62,0
massimil,0
n89m3nd2,0
669143000000000,0
kindelan,0
a79ga44,0
49540097y,0
"2,75339E+15",0
ibarra,0
18898337l,0
47gent1r,0
estolano boget,0
sierra bermeja s/n,0
jimnez algora,0
ponsati puratic,0
ocallaghan@asyra.li,0
28670,0
calle joan salvat papasseit s/n,0
28721,0
nardi borgua,0
roger,0
san miguel de abona,0
denni,0
cercs,0
d0s9pi2car,0
o$ficinesca,0
conde,0
menju,0
mccollon@irmedia.ca,0
88360528w,0
16856,0
pesquisar,0
subidor,0
escudero ostria,0
calle conde de cartagena 97 5f,0
"3,67249E+15",0
3471,0
marines los,0
senda buen paso s/n,0
5366,0
henry@sms24h.tr,0
santaren,0
mejury8,0
38355013y,0
trooger_gereighty@quierocortinas.mil,0
06673981w,0
pche,0
hervs bediaga,0
longo,0
tunaroza capmany,0
37795,0
flixmara,0
roni,0
sertino,0
umbria 143,0
veri5icat1va,0
222584000000000,0
mouchet@007tv.fj,0
parolero,0
polanco,0
jackelyn,0
34310,0
9ar5i04o,0
indocto,0
kouraviev@socimi.com.gl,0
saleh,0
e72i4,0
sant andreu de la barca,0
f8av2,0
49211,0
karin,0
gu5cima,0
keng@glutenfreespain.lb,0
69671861p,0
doriot,0
"6,71861E+15",0
gregonio,0
38821598j,0
katy,0
angullo acosta,0
c63en13759,0
23611263s,0
29850288z,0
cancela,0
c/ grabador david roberts 154 1-h,0
"1,02549E+15",0
37110,0
de tena leguizamn,0
5154,0
eddisfor4,0
4560,0
"4,92079E+15",0
monvar/monver,0
pobla de segur 125,0
23670,0
"3,82074E+15",0
15318,0
8121,0
41713468r,0
"3,18663E+15",0
san petersburgo 165,0
71648159p,0
4176,0
gift@distritoeste.no,0
16601924h,0
segura reygadas,0
passeig gaudi 77 3-e,0
llasera,0
ca5r7211a,0
16610,0
cantoria,0
hallaran@manjarr.cd,0
haker-durango@mirallesmoscardo.ro,0
22010612a,0
trastabilln,0
rocco-misaki@soybueno.nz,0
20120,0
leonel,0
micr6pil8,0
calle puebla de los infantes 145,0
bscones de ojeda,0
ares,0
marcelino suarez 39,0
847,0
adalgisa,0
5150,0
88253687l,0
decour raichs,0
cusanelli@wdsl.ao,0
perpi izurrieta,0
robin@comerciosdeaspe.info,0
barcelona 149 5-e,0
66718383y,0
incom1a5abl8mente,0
leni,0
baril,0
35210254z,0
teddie,0
espaldilla,0
106705000000000,0
reiko,0
portelan9,0
50645313a,0
c28a3iz8,0
45370,0
benavente,0
99020664y,0
5arneci052,0
chimeneas,0
bose,0
041!da2131434e,0
5e011llo,0
c/ relfas 122,0
murillo el cuende,0
aa,0
c/ clivia 1 1?d,0
peral 180 4-b,0
3j,0
3411,0
carretera ribas matama 160,0
18567,0
arco del meson 47,0
57186589x,0
surai,0
3820,0
childree,0
712,0
bidaurreta,0
sfiroudi,0
caesar-vitez2@apelton.sy,0
56702228y,0
carrera,0
claudio,0
mary-ann,0
norberto,0
caldes,0
"7,28065E+15",0
42462633x,0
557ni03r5o,0
shakor,0
rasmia,0
tarp@redstarz.asia,0
seno,0
medwin-whittinghill@enla.th,0
rodolfo,0
hermanos gascon 141,0
28530,0
5083,0
soman,0
84411118z,0
45256,0
tornadizos de vila,0
calle santa teresa 87 5?b,0
incrdu69,0
llombai,0
800405000000000,0
ulrico,0
gatada,0
linton,0
gustat0v4,0
"6,27383E+15",0
81,0
huyente,0
m9gnificen5i5,0
werkmeister@19horas.zr,0
2100,0
22120,0
rabascall,0
braiam,0
"8,99091E+15",0
hofmeist0,0
calle duque de zaragoza s/n,0
c/ san guillermo 182,0
sahid,0
6660,0
wilde@casasdefamosos.zw,0
9903rti37,0
bablica,0
07485924e,0
"5,25502E+15",0
encuar,0